,flow.start_ts,flow.key,to_server.flow.paylod,to_client.flow.paylod,flow.start,flow.end,flow.duration
0,1539705765.7697,221.10.112.169:27279-216.58.211.10:443,1692,1000000,1539705765.7697,1539706007.34116,241.571460247
1,1539705765.99225,221.10.115.215:9507-172.217.20.46:443,1565,100000,1539705765.99225,1539705766.56557,0.573321104
0,1539705765.7697,221.10.112.169:27279-216.58.211.10:443,1692,10000,1539705765.7697,1539706007.34116,241.571460247
1,1539705765.99225,221.10.115.215:9507-172.217.20.46:443,1565,1000,1539705765.99225,1539705766.56557,0.573321104
